Weapon Type,Weapon Name,Lore Flavor,Tier Progression,Damage (T1 Base + Per Tier Increase),HP Bonus (T1 + Per Tier),Mana Bonus (T1 + Per Tier),Crit % (T1 + Per Tier),Block % (T1 + Per Tier),Defense (T1 + Per Tier),Hotkey 1 (Q - Basic/Stack Builder),Hotkey 2 (W - Option 1),Hotkey 2 (W - Option 2),Hotkey 2 (W - Option 3),Hotkey 3 (Option 1),Hotkey 3 (Option 2),Hotkey 3 (Option 3),Hotkey 3 (Option 4),Hotkey 4 (E - Unique Signature),Hotkey 5 (Passive Option 1),Hotkey 5 (Passive Option 2),Hotkey 5 (Passive Option 3),,,,
Sword,Bloodfeud Blade,Forged in endless clan blood feuds,T1-T8,50 +12,100 +25,0 +0,3 +0.5,5 +1,20 +6,Vengeful Slash (single-target slash, builds 1 Grudge Mark stack, max 3),Blood Rush (dash forward 8m, AoE damage),Iron Grudge (3s damage reduction + reflect),Clan Charge (gap-closer charge + 1s stun),Heroic Cleave (cone AoE clear),Parry Counter (block + counter dmg),Deep Wound (apply bleed stack),,Crimson Reprisal (large AoE slash, heals per enemy hit),Bloodlust (5% lifesteal),Swift Vengeance (+15% atk speed),Deep Cuts (+20% bleed dmg)
Sword,Wraithfang,Whispers forgotten grudges in the dark,T1-T8,55 +13,80 +20,20 +10,5 +0.8,3 +0.8,15 +5,Vengeful Slash,Blood Rush,Iron Grudge,Clan Charge,Shadow Edge (dash + stun),Execute (bonus dmg <30% HP),Bleed Chain (spread bleed),Fatal Strike (high single burst),Night's Judgment (teleport behind + bleed DoT),Life Leech (heal on hit),Aggressive Rush (+atk speed on mark),Grudge Bleed (marks explode),,,,
Sword,Oathbreaker,Breaks ancient oaths of peace,T1-T8,48 +11,120 +30,0 +0,2 +0.4,8 +1.5,25 +7,Vengeful Slash,Lunging Strike (ranged thrust),Shadow Dash (mobility dash),Fearful Swipe (AoE fear),Hamstring (slow + dmg),Betrayer's Mark (reduce healing),Oathbreak (purge enemy buff),,Ancestral Curse (AoE slow + DoT),Resilience (+defense in crowds),Armor Pen (ignore 10% def),Block Mastery (+block chance),,,,
Sword,Kinrend,Rends bonds of blood and kinship,T1-T8,52 +12,110 +28,10 +8,4 +0.6,4 +1,18 +6,Vengeful Slash,Lunging Strike,Shadow Dash,Fearful Swipe,Kin Strike (single high dmg),Ancestral Fury (knockback AoE),Family Grudge (stack DoT),Root Bind (root on mark),Wrath of Kin (AoE knockback + dmg),Bloodlust,Swift Vengeance,Deep Cuts,,,,
Sword,Dusksinger,Sings of twilight and ending grudges,T1-T8,53 +12,90 +22,30 +15,6 +1,4 +0.9,17 +5,Vengeful Slash,Blood Rush,Iron Grudge,Clan Charge,Dusk Blade (invis dash),Twilight Fear (AoE fear),Bleed Storm (multi bleed),,Duskfall (AoE silence + dmg),Life Leech,Aggressive Rush,Grudge Explosion,,,,
Sword,Emberclad,Clad in flames of burning hatred,T1-T8,54 +13,95 +23,25 +12,4 +0.7,6 +1.2,22 +6,Vengeful Slash,Lunging Strike,Shadow Dash,Fearful Swipe,Flame Slash (burn stack),Ember Charge (dash + burn),Heroic Burn (AoE DoT),Ignite Mark (explode marks),Ember Wrath (AoE fire nova),Burn Mastery (+burn dmg),Attack Speed,Life Leech,,,,
Axe,Gorehowl,Howls with the gore of fallen foes,T1-T8,60 +15,120 +30,0 +0,2 +0.4,4 +1,25 +8,Rending Chop (single, applies Bleed stack),Adrenaline Surge (+atk speed buff),Whirl of Pain (channeled AoE),Bloodletting (AoE bleed apply),Carnage Spin (360 AoE refresh bleed),Headcracker (single stun),Veinreaver (AoE lifesteal),,Apocalypse Cleave (large knockback AoE),Life Leech,Bleed Mastery (+bleed dmg),Vicious Wounds (slow on bleed),,,
Axe,Skullsplitter,Splits skulls of grudge bearers,T1-T8,62 +16,110 +28,10 +5,3 +0.5,5 +1.2,23 +7,Rending Chop,Adrenaline Surge,Whirl of Pain,Bloodletting,Headcracker (stun + dmg),Ground Rend (AoE slow),Ironmaw (armor reduce),,Blood Harvest (AoE heal on hit),Bleed Mastery,Heavy Hitter (+dmg),Resilience,,,,
Axe,Veinreaver,Reaves veins for blood tribute,T1-T8,58 +14,130 +35,0 +0,4 +0.6,3 +0.8,20 +6,Rending Chop,Adrenaline Surge,Whirl of Pain,Bloodletting,Blood Harvest (lifesteal AoE),Frenzied Chop (burst self-dmg),Bonehew (armor break),Shatterstrike (AoE shatter),Carnage Spin (refresh bleed),Life Leech,Vicious Wounds,Slow Poison,,,,
Axe,Ironmaw,Maw of iron that crushes oaths,T1-T8,61 +15,115 +29,5 +3,2 +0.4,6 +1.3,28 +8,Rending Chop,Lunging Chop (range),War Cry (+dmg buff),Ground Slam (AoE slow),Ground Rend (slow AoE),Iron Bite (defense ignore),Dreadcleaver (frenzy),,Reaping Slash (massive AoE),Bleed Mastery,Life Leech,Heavy Hitter,,,,
Axe,Dreadcleaver,Cleaves dread into enemies,T1-T8,59 +14,125 +32,15 +8,5 +0.7,4 +1,22 +7,Rending Chop,Adrenaline Surge,Whirl of Pain,Bloodletting,Frenzied Chop (high dmg),Shatterstrike (armor break),Bonehew (shatter),,Carnage Spin (360 bleed refresh),Vicious Wounds,Attack Speed (+on hit),Bloodlust,,,,
Axe,Bonehew,Hews bone from grudge skeletons,T1-T8,63 +16,105 +27,0 +0,3 +0.5,7 +1.4,26 +8,Rending Chop,Adrenaline Surge,Whirl of Pain,Bloodletting,Bone Break (armor reduce),Veinreaver (lifesteal),Skullsplitter (stun),Ironmaw (slow),Apocalypse Cleave (knockback),Heavy Hitter,Resilience,Block Mastery,,,,
Bow,Wraithbone Bow,Carved from bones of wraiths,T1-T8,55 +11,80 +18,30 +12,6 +1,2 +0.5,15 +4,Grudge Arrow (single, builds Mark),Volley (cone AoE),Swift Shot (mobility dmg),Piercing Barrage (channeled),Soulstorm Arrows (AoE rain),Crimson Shot (bleed single),Night Barrage (silence AoE),Flame Volley (DoT AoE),Phantom Arrows (multi pierce),Precision (+crit),Speed Draw (+atk speed),Slow Venom (slow on mark),,,
Bow,Bloodstring Bow,Strung with strings of blood,T1-T8,57 +12,85 +20,25 +10,7 +1.1,3 +0.6,14 +4,Grudge Arrow,Volley,Swift Shot,Piercing Barrage,Crimson Shot (high bleed),Enchanted Quiver (+speed dmg),Rooting Shot (root),Demon Arrow (knockback AoE),Rain of Arrows (large AoE),Attack Speed,Piercing Arrows,Slow Poison,,,,
Bow,Shadowflight Bow,Flies shadows as arrows,T1-T8,54 +11,75 +17,35 +15,8 +1.2,1 +0.4,13 +3,Grudge Arrow,Volley,Swift Shot,Piercing Barrage,Night Barrage (AoE silence),Phantom Arrows (pierce),Enchanted Quiver (buff),,Soulstorm Arrows (rain DoT),Precision,Crit Chance,Speed Draw,,,,
Bow,Emberthorn Bow,Thorns of ember fire,T1-T8,56 +12,90 +22,20 +8,5 +0.9,4 +0.8,16 +5,Grudge Arrow,Explosive Arrows (DoT AoE),Speed Shot (mobility),Ray of Light (channeled knockback),Flame Volley (burn AoE),Fire Arrow (ignite),Ember Shot (explode mark),,Hellfire Barrage (channeled AoE),Burn Mastery (+DoT),Attack Speed,Piercing,,,,
Bow,Ironvine Bow,Vines of iron entangle,T1-T8,53 +10,95 +24,10 +5,4 +0.7,5 +1,18 +6,Grudge Arrow,Volley,Swift Shot,Piercing Barrage,Rooting Shot (single root),Iron Barrage (armor reduce),Vine Trap (AoE root),Long Shot (range bonus),Rain of Arrows (AoE),Slow Venom,Precision,Heavy Draw (+dmg),,,,
Bow,Duskreaver Bow,Reaves at dusk fall,T1-T8,58 +13,70 +16,40 +18,9 +1.3,2 +0.5,12 +3,Grudge Arrow,Volley,Swift Shot,Piercing Barrage,Phantom Arrows (multi hit),Dusk Silence (AoE silence),Shadow Volley (stealth shot),,Storm of Arrows (ultimate rain),Speed Draw,Crit Amp,Slow Poison,,,,
Crossbow,Ironveil Repeater,Rapid fire from iron veils,T1-T8,65 +14,70 +15,20 +8,5 +0.8,4 +1,20 +6,Heavy Bolt (single, builds Mark),Knockback Bolt (push dmg),Trap Bolt (root trap),Sniper Shot (long burst),Barrage of Vengeance (channeled 5 bolts),Headshot (silence single),Crimson Bolt (bleed AoE),Shadow Trap (slow AoE),Sweeping Bolt (piercing AoE),Penetration (+armor ignore),Power Shot (+dmg),Slow Bolt (slow),,,
Crossbow,Skullpiercer,Pierces skulls with precision,T1-T8,68 +15,65 +14,15 +6,7 +1,3 +0.7,18 +5,Heavy Bolt,Knockback Bolt,Trap Bolt,Sniper Shot,Headshot (high dmg silence),Shrapnel Burst (armor break AoE),Crippling Shot (slow burst),,Noise Eraser (silence burst),Aggression (+dmg buff),Piercing Bolts,Slow,,,,
Crossbow,Bloodreaver,Reaves blood with bolts,T1-T8,63 +13,80 +20,10 +4,4 +0.6,5 +1.2,22 +7,Heavy Bolt,Explosive Round (AoE),Caltrops (slow field),Rapid Fire (channeled),Crimson Bolt (bleed AoE),Blood Barrage (lifesteal),Weeping Repeater (rapid burst),,Crippling Shot (high slow),Life Leech (+heal),Power Shot,Aggression,,,,
Crossbow,Wraithspike,Spikes from wraith essence,T1-T8,66 +14,60 +13,35 +15,6 +0.9,2 +0.5,16 +4,Heavy Bolt,Knockback Bolt,Trap Bolt,Sniper Shot,Shadow Trap (AoE slow),Wraith Bolt (silence),Phantom Spike (pierce),,Sweeping Bolt (line pierce),Penetration,Slow Bolt,Cooldown Reduce,,,,
Crossbow,Emberbolt,Bolts of burning ember,T1-T8,64 +14,75 +18,25 +10,5 +0.8,4 +1,19 +6,Heavy Bolt,Explosive Round,Caltrops,Rapid Fire,Firestorm Bolt (DoT AoE),Ember Trap (burn field),Flame Barrage (channeled burn),Ignite Bolt (explode),Hellfire Barrage (AoE),Burn Mastery,Attack Speed,Piercing,,,,
Crossbow,Ironshard,Shards of unbreakable iron,T1-T8,67 +15,85 +22,5 +2,3 +0.5,6 +1.4,24 +8,Heavy Bolt,Knockback Bolt,Trap Bolt,Sniper Shot,Shrapnel Burst (armor break),Iron Trap (root + dmg),Shard Storm (multi hit),,Barrage of Vengeance (rapid),Block Mastery,Defense Boost,Penetration,,,,
Gun,Blackpowder Blaster,Blasts with ancient blackpowder grudges,T1-T8,70 +16,60 +12,40 +18,7 +1.1,2 +0.4,14 +4,Grudge Shot (single, builds Powder Mark),Explosive Round (AoE burst),Quick Reload (+atk speed),Smoke Shot (AoE blind),Hellfire Barrage (channeled AoE),Sniper Round (long burst),Crimson Blast (lifesteal AoE),Shadow Shot (silence AoE),Demon Blast (knockback),Crit Shot (+crit),Powder Burn (DoT),Reload Speed,,,
Gun,Ironstorm Gun,Storms of iron bullets,T1-T8,72 +17,55 +11,35 +15,8 +1.2,3 +0.6,13 +3,Grudge Shot,Explosive Round,Quick Reload,Smoke Shot,Sniper Round (high range),Storm Barrage (multi hit),Iron Volley (armor pen),,Blackpowder Fury (channeled),Penetration,Crit Chance,Power Shot,,,,
Gun,Bloodcannon,Cannon of blood tribute,T1-T8,68 +15,70 +16,30 +12,6 +0.9,4 +0.8,16 +5,Grudge Shot,Explosive Round,Quick Reload,Smoke Shot,Crimson Blast (AoE lifesteal),Blood Barrage (heal on hit),Cannon Execute (low HP burst),,Hellfire Barrage (DoT AoE),Life Leech,Powder Burn,Reload Speed,,,,
Gun,Wraithbarrel,Barrel whispers wraith grudges,T1-T8,71 +16,50 +10,45 +20,9 +1.3,1 +0.3,12 +3,Grudge Shot,Explosive Round,Quick Reload,Smoke Shot,Shadow Shot (AoE silence),Wraith Bullet (pierce silence),Phantom Reload (invis buff),,Storm Blast (ultimate AoE),Crit Shot,Slow Poison,Cooldown Reduce,,,,
Gun,Emberrifle,Rifle of ember flames,T1-T8,69 +15,65 +14,38 +17,5 +0.8,3 +0.7,15 +4,Grudge Shot,Flame Burst (DoT AoE),Quick Reload,Smoke Shot,Flame Burst (burn AoE),Ember Snipe (ignite burst),Firestorm Round (channeled),,Hellfire Barrage (large DoT),Burn Mastery,Attack Speed,Powder Burn,,,,
Gun,Duskblaster,Blasts at dusk with shadow,T1-T8,73 +17,45 +9,50 +22,10 +1.4,2 +0.5,11 +2,Grudge Shot,Explosive Round,Quick Reload,Smoke Shot,Shrapnel Spray (armor break),Dusk Silence (AoE mute),Shadow Barrage (multi),Phantom Blast (pierce),Thunder Blast (ultimate storm),Crit Amp,Reload Speed,Slow,,,,
Dagger,Nightfang,Fang of endless night grudges,T1-T8,45 +10,70 +15,20 +10,8 +1.2,2 +0.5,12 +3,Shadow Stab (single, builds Mark),Phantom Dash (dash dmg),Poison Shiv (DoT apply),Assassin's Focus (+atk speed),Vengeful Ambush (teleport behind burst),Crimson Stab (bleed burst),Shadow Strike (AoE silence),Flame Dagger (DoT AoE),Deathgivers Fatal (execute),Life Leech,Crit Chance,Venomous Wounds (slow),,,
Dagger,Bloodshiv,Shiv dripping enemy blood,T1-T8,47 +11,75 +17,15 +8,9 +1.3,3 +0.6,11 +3,Shadow Stab,Phantom Dash,Poison Shiv,Assassin's Focus,Crimson Stab (high bleed),Lunging Stabs (burst mobility),Bloodletter Rage (heal burst),,Raging Blades (AoE heal),Bloodlust,Attack Speed,Deep Cuts,,,,
Dagger,Wraithclaw,Claw of wraith vengeance,T1-T8,44 +9,65 +14,25 +12,10 +1.4,1 +0.4,10 +2,Shadow Stab,Phantom Dash,Poison Shiv,Assassin's Focus,Shadow Strike (silence AoE),Wraith Ambush (invis burst),Phantom Claw (multi hit),,Vengeful Ambush (back teleport),Crit Chance,Venomous,Slow Poison,,,,
Dagger,Emberfang,Fang burning with ember hate,T1-T8,46 +10,80 +18,18 +9,7 +1.1,4 +0.8,13 +4,Shadow Stab,Chain Slash (burst),Assassin Spirit (speed),Poison Shiv,Flame Dagger (burn DoT),Ember Ambush (dash burn),Ignite Shiv (explode),,Bloodletter (mobility heal),Burn Mastery,Life Leech,Crit,,,,
Dagger,Ironspike,Spike of unyielding iron,T1-T8,43 +9,85 +20,10 +5,6 +0.9,5 +1,14 +4,Shadow Stab,Phantom Dash,Poison Shiv,Assassin's Focus,Pinning Stab (root burst),Iron Shiv (armor pen),Spike Chain (multi root),,Fatal Blade (execute),Resilience,Block Chance,Deep Wound,,,,
Dagger,Duskblade,Blade of falling dusk,T1-T8,48 +11,60 +13,30 +15,11 +1.5,2 +0.5,9 +2,Shadow Stab,Phantom Dash,Poison Shiv,Assassin's Focus,Frenzied Cuts (multi burst),Dusk Ambush (silence dash),Shadow Flurry (rapid),Phantom Fatal (low HP),Death Blossom (360 spin),Crit Chance,Attack Speed,Venomous,,,,
Greataxe,Skullsunder,Sunders skulls in massive swings,T1-T8,75 +18,140 +35,0 +0,2 +0.3,6 +1.5,30 +10,Brutal Hew (AoE, applies Bleed),War Cry (+dmg buff),Spinning Reave (channeled AoE),Ground Slam (slow AoE),Apocalypse Cleave (large knockback),Crimson Harvest (lifesteal AoE),Shadow Smash (silence AoE),Flame Cleave (DoT AoE),Reaping Slash (massive AoE),Life Leech,Bleed Mastery,Heavy Hitter,,,
Greataxe,Bloodreaver,Reaves blood in wide arcs,T1-T8,77 +19,150 +38,10 +5,3 +0.4,5 +1.3,28 +9,Brutal Hew,War Cry,Spinning Reave,Ground Slam,Crimson Harvest (AoE heal),Frenzied Reave (multi hit),Blood Cleave (bleed amp),,Carnage Cleave (refresh bleed),Bloodlust,Vicious Wounds,Resilience,,,,
Greataxe,Wraithhew,Hews wraiths from shadows,T1-T8,73 +17,130 +32,20 +10,4 +0.5,4 +1,26 +8,Brutal Hew,War Cry,Spinning Reave,Ground Slam,Shadow Smash (AoE silence),Wraith Reave (pierce),Phantom Hew (multi),Earthshatter (stun AoE),Apocalypse Cleave (knockback),Heavy Hitter,Attack Speed,Slow Poison,,,,
Greataxe,Embermaul,Maul of burning embers,T1-T8,76 +18,135 +34,15 +8,3 +0.4,7 +1.6,32 +10,Brutal Hew,Adrenaline Surge (speed),Whirl of Pain,Ground Slam,Flame Cleave (burn AoE),Ember Reave (DoT channel),Ignite Hew (explode),,Hellcleave (fire nova),Burn Mastery,Life Leech,Bleed Amp,,,,
Greataxe,Ironrend,Rends iron armor,T1-T8,78 +19,145 +36,5 +3,1 +0.2,8 +1.8,35 +11,Brutal Hew,War Cry,Spinning Reave,Ground Slam,Earthshatter (AoE stun),Iron Cleave (armor break),Rend Storm (multi reduce),,Reaping Slash (massive),Resilience,Block Mastery,Heavy Hitter,,,,
Greataxe,Dusksplitter,Splits at dusk with shadow,T1-T8,74 +17,125 +30,25 +12,5 +0.6,5 +1.2,27 +9,Brutal Hew,War Cry,Spinning Reave,Ground Slam,Frenzied Reave (burst),Dusk Silence (AoE mute),Shadow Cleave (pierce),Phantom Split (multi),Rampage Cleave (frenzy),Attack Speed,Crit Chance,Slow,,,,
Greatsword,Doomspire,Spire of impending doom,T1-T8,70 +17,130 +32,10 +5,4 +0.6,7 +1.5,28 +9,Wrathful Slash (single, builds Mark),Blade Storm (AoE),Iron Will (reduction),Charge of Vengeance (gap stun),Grudge of Ages (consume marks burst),Crimson Slash (bleed AoE),Shadowrend (fear AoE),Flame Strike (DoT AoE),Stunning Slash (stun AoE),Bloodlust,Swift Blade,Grudge Bleed,,,
Greatsword,Bloodspire,Spire dripping blood,T1-T8,72 +18,140 +35,0 +0,3 +0.5,6 +1.4,30 +10,Wrathful Slash,Blade Storm,Iron Will,Charge of Vengeance,Crimson Slash (AoE bleed),Blood Storm (multi bleed),Execute Slash (low HP),,Doom Cleave (massive single),Life Leech,Deep Cuts,Resilience,,,,
Greatsword,Wraithblade,Blade of wraith essence,T1-T8,68 +16,120 +30,20 +10,5 +0.7,5 +1.2,26 +8,Wrathful Slash,Blade Storm,Iron Will,Charge of Vengeance,Shadowrend (AoE fear),Wraith Storm (silence),Phantom Slash (pierce),Multi-Slash (combo),Grudge Vortex (pull burst),Aggressive Rush,Grudge Bleed,Cooldown Reduce,,,,
Greatsword,Emberbrand,Brand of burning embers,T1-T8,71 +17,125 +31,15 +8,4 +0.6,8 +1.6,32 +10,Wrathful Slash,Blade Storm,Iron Will,Charge of Vengeance,Flame Strike (AoE DoT),Ember Storm (burn channel),Ignite Blade (explode),,Hellbrand (fire nova),Burn Mastery,Attack Speed,Bloodlust,,,,
Greatsword,Ironwrath,Wrath of unyielding iron,T1-T8,73 +18,135 +33,5 +3,2 +0.4,9 +1.8,34 +11,Wrathful Slash,Blade Storm,Iron Will,Charge of Vengeance,Stunning Slash (AoE stun),Iron Cleave (armor break),Wrath Storm (multi stun),,Doomspire (execute consume),Resilience,Block Mastery,Heavy Hitter,,,,
Greatsword,Duskreaver,Reaves at dusk fall,T1-T8,69 +16,115 +28,25 +12,6 +0.8,6 +1.3,27 +9,Wrathful Slash,Blade Storm,Iron Will,Charge of Vengeance,Multi-Slash (rapid combo),Dusk Fear (AoE fear),Shadow Storm (silence),Phantom Wrath (pierce),Blade Fury (frenzy burst),Swift Blade,Crit Chance,Slow Poison,,,,
Hammer2h,Titanmaul,Maul of titanic grudges,T1-T8,80 +20,150 +40,0 +0,1 +0.2,10 +2,40 +12,Earthshatter (AoE, applies Slow),Thunderous Charge (charge stun),Quake Strike (knockup AoE),Iron Skin (reduction),Cataclysm Blow (AoE stun),Crimson Smash (bleed AoE),Shadow Quake (silence AoE),Flame Hammer (DoT AoE),Seismic Slam (large stun),Heavy Hitter,Stun Mastery,Resilience Boost,,,
Hammer2h,Bloodcrusher,Crushes with blood force,T1-T8,82 +21,160 +42,10 +5,2 +0.3,9 +1.8,38 +11,Earthshatter,Thunderous Charge,Quake Strike,Iron Skin,Crimson Smash (AoE bleed),Blood Pound (lifesteal),Crusher Execute (low HP),,Titan Crush (massive single),Life Leech,Bleed Amp,Block Mastery,,,,
Hammer2h,Wraithmaul,Maul of wraith power,T1-T8,78 +19,140 +38,20 +10,3 +0.4,8 +1.6,36 +10,Earthshatter,Thunderous Charge,Quake Strike,Iron Skin,Shadow Quake (AoE silence),Wraith Pound (pierce),Phantom Maul (multi),Ground Pound (armor break),Cataclysm Blow (stun),Stun Mastery,Cooldown Reduce,Slow,,,,
Hammer2h,Emberforge,Forge of ember strikes,T1-T8,81 +20,145 +39,15 +8,2 +0.3,11 +2.2,42 +12,Earthshatter,Thunderous Charge,Quake Strike,Iron Skin,Flame Hammer (AoE DoT),Ember Quake (burn channel),Ignite Maul (explode),,Mjolnir Flame (fire stun),Burn Mastery,Heavy Hitter,Resilience,,,,
Hammer2h,Ironbreaker,Breaks iron with force,T1-T8,83 +21,155 +41,5 +3,1 +0.2,12 +2.4,44 +13,Earthshatter,Thunderous Charge,Quake Strike,Iron Skin,Ground Pound (armor break),Iron Quake (multi break),Breaker Storm (AoE reduce),,Seismic Slam (large),Block Mastery,Defense Boost,Stun Mastery,,,,
Hammer2h,Duskmallet,Mallet at dusk shock,T1-T8,79 +19,135 +36,25 +12,4 +0.5,9 +1.7,37 +11,Earthshatter,Thunderous Charge,Quake Strike,Iron Skin,Shockwave (knockback AoE),Dusk Silence (mute stun),Shadow Mallet (pierce),Phantom Pound (multi stun),Mjolnir Strike (lightning AoE),Heavy Hitter,Attack Speed,Slow,,,,
Hammer1h,Ironfist,Fist of iron grudge,T1-T8,60 +14,120 +28,10 +5,3 +0.5,8 +1.5,25 +7,Skullbash (single slow),Stunning Blow (stun dmg),Shockwave (knockback AoE),Fortify (reduction),Vengeful Slam (AoE slow),Crimson Bash (bleed),Shadow Strike (silence),Flame Smash (DoT),Armor Crack (break),Life Leech,Stun Mastery,Resilience Boost,,,,
Hammer1h,Bloodmaul,Maul with blood,T1-T8,62 +15,130 +30,5 +3,4 +0.6,7 +1.4,23 +6,Skullbash,Stunning Blow,Shockwave,Fortify,Crimson Bash (bleed dmg),Blood Slam (lifesteal),Maul Execute (burst),,Vengeful Slam (slow),Bloodlust,Bleed Mastery,Heavy Hitter,,,,
Hammer1h,Wraithknocker,Knocks wraiths,T1-T8,58 +13,110 +26,15 +8,5 +0.7,6 +1.2,21 +5,Skullbash,Stunning Blow,Shockwave,Fortify,Shadow Strike (silence dmg),Wraith Bash (pierce),Phantom Knock (multi),Staggering Blow (combo),Iron Slam (slow AoE),Stun Mastery,Cooldown Reduce,Slow,,,,
Hammer1h,Embermallet,Mallet of ember,T1-T8,61 +14,115 +27,20 +10,3 +0.5,9 +1.6,27 +8,Skullbash,Stunning Blow,Shockwave,Fortify,Flame Smash (DoT dmg),Ember Bash (burn channel),Ignite Knock (explode),,Vengeful Flame (AoE burn),Burn Mastery,Life Leech,Resilience,,,,
Hammer1h,Ironshard,Shard hammer of iron,T1-T8,63 +15,125 +29,0 +0,2 +0.4,10 +1.8,29 +9,Skullbash,Stunning Blow,Shockwave,Fortify,Armor Crack (break dmg),Iron Knock (multi break),Shard Storm (AoE reduce),,Seismic Shard (large break),Block Mastery,Defense Boost,Stun Mastery,,,,
Hammer1h,Duskhammer,Hammer at dusk,T1-T8,59 +13,105 +25,25 +12,6 +0.8,7 +1.3,22 +6,Skullbash,Stunning Blow,Shockwave,Fortify,Staggering Blow (multi hit),Dusk Silence (mute dmg),Shadow Knock (pierce stun),Phantom Bash (combo),Mjolnir Dusk (lightning slow),Heavy Hitter,Attack Speed,Slow Poison,,,,
Fire Staff,Emberwrath Staff,Ranged 2h,Wrath of endless burning grudges,T1-T8,65 +15,60 +12,100 +40,6 +1,0 +0,10 +3,Fire Bolt (single-target, builds Burn stack max 3),Flame Wave (cone AoE DoT),Fireball (AoE burst),Inferno Shield (reflect dmg),Hellstorm (large AoE DoT),Crimson Pyre (lifesteal burn AoE),Shadow Flame (silence + burn),Meteor Strike (delayed massive burst),Flame Nova (explode all burns),Burn Mastery (+DoT dmg),Mana Regen (+regen),Spell Crit (+magic crit),,
Fire Staff,Infernal Grudge Staff,Ranged 2h,Infused with infernal clan hatred,T1-T8,67 +16,55 +11,105 +42,7 +1.1,0 +0,9 +2.5,Fire Bolt,Flame Wave,Fireball,Inferno Shield,Inferno Surge (channeled line DoT),Hellfire Wall (wall burn),Grudge Ignite (spread burn),Blazing Pillar (pillar burst),Infernal Cataclysm (ultimate storm),Burn Mastery,Mana Efficiency (+less cost),Crit Chance,,,
Fire Staff,Flameblood Spire,Ranged 2h,Spire forged from flameblood rituals,T1-T8,64 +14,65 +13,98 +39,5 +0.9,1 +0.2,11 +3.5,Fire Bolt,Flame Wave,Fireball,Inferno Shield,Bloodflame (lifesteal DoT),Pyre Ritual (HoT + burn),Flameblood Nova (AoE lifesteal),Scorching Grasp (root burn),Flameblood Eruption (explode + heal),Life Leech (on burn),Mana Regen,Burn Amp,,,
Fire Staff,Hellfire Oathbreaker,Ranged 2h,Oathbreaker staff of hellfire,T1-T8,66 +15,58 +11.5,102 +41,6.5 +1.05,0 +0,10.5 +3,Fire Bolt,Flame Wave,Fireball,Inferno Shield,Oathbreaker Blaze (purge + burn),Hellfire Chains (bind burn),Broken Oath Nova (AoE purge DoT),Infernal Oath (debuff amp),Hellfire Apocalypse (large purge AoE),Burn Mastery (+purge),Cooldown Reduce,Mana Regen,,,
Fire Staff,Crimson Inferno Tome,Offhand 1h,Tome of crimson inferno grudges,T1-T8,63 +14,62 +12.5,110 +44,8 +1.2,0 +0,8 +2.5,Fire Bolt (quick cast),Flame Wave,Fireball,Inferno Shield,Crimson Surge (dash burn),Inferno Page (summon fire minion),Tome Ignite (multi target burn),Crimson Ritual (channel heal burn),Crimson Armageddon (book ultimate AoE),Spell Crit,Burn Mastery,Mana Efficiency,,,
Fire Staff,Blazewrath Grimoire,Offhand 1h,Grimoire holding blazewrath spells,T1-T8,68 +16,50 +10,115 +46,9 +1.3,0 +0,7 +2,Fire Bolt,Flame Wave,Fireball,Inferno Shield,Blaze Fury (frenzy cast speed),Wrath Page (empowered next spell),Grimoire Storm (rain pages DoT),Blazewrath Bind (root + burn),Eternal Blaze (perma DoT field),Mana Regen,Crit Chance,Burn Duration,,,
Frost Staff,Glacial Spire Staff,Ranged 2h,Spire of glacial eternal grudges,T1-T8,60 +14,70 +15,90 +35,5 +0.8,2 +0.5,12 +4,Frost Bolt (single-target, builds Chill stack max 3),Ice Nova (AoE slow),Frost Lance (single burst),Glacial Shield (absorb dmg),Blizzard Strike (channeled AoE slow dmg),Crimson Ice (bleed + freeze),Shadow Freeze (root AoE),Ice Shard (piercing burst),Absolute Zero (mass freeze),Chill Mastery (+slow effect),Mana Regen,Slow Duration,,
Frost Staff,Frostgrudge Staff,Ranged 2h,Infused with frost clan vengeance,T1-T8,62 +15,65 +13.5,95 +37,6 +0.9,1.5 +0.4,11 +3.5,Frost Bolt,Ice Nova,Frost Lance,Glacial Shield,Frost Surge (channeled line freeze),Glacial Wall (wall slow),Grudge Chill (spread chill),Freezing Pillar (pillar burst),Frost Cataclysm (ultimate storm),Chill Mastery,Mana Efficiency,Crit Chance,,,
Frost Staff,Iceblood Spire,Ranged 2h,Spire from iceblood rituals,T1-T8,59 +13.5,75 +16.5,88 +34,4.5 +0.7,3 +0.6,13 +4.5,Frost Bolt,Ice Nova,Frost Lance,Glacial Shield,Iceblood (lifesteal freeze),Frost Ritual (HoT + chill),Iceblood Nova (AoE lifesteal),Glacial Grasp (root chill),Iceblood Eruption (explode + heal),Life Leech (on chill),Mana Regen,Chill Amp,,,
Frost Staff,Frigid Oathbreaker,Ranged 2h,Oathbreaker staff of frigid ice,T1-T8,61 +14.5,68 +14.5,92 +36,5.5 +0.85,1 +0.3,12.5 +4,Frost Bolt,Ice Nova,Frost Lance,Glacial Shield,Oathbreaker Freeze (purge + chill),Frigid Chains (bind chill),Broken Oath Nova (AoE purge slow),Frigid Oath (debuff amp),Frigid Apocalypse (large purge AoE),Chill Mastery (+purge),Cooldown Reduce,Mana Regen,,,
Frost Staff,Crimson Glacier Tome,Offhand 1h,Tome of crimson glacier grudges,T1-T8,58 +13,72 +15.5,100 +40,7 +1,0.5 +0.2,10 +3,Frost Bolt (quick cast),Ice Nova,Frost Lance,Glacial Shield,Crimson Surge (dash chill),Glacier Page (summon ice minion),Tome Chill (multi target chill),Crimson Ritual (channel heal chill),Crimson Winter (book ultimate AoE),Spell Crit,Chill Mastery,Mana Efficiency,,,
Frost Staff,Icewrath Grimoire,Offhand 1h,Grimoire holding icewrath spells,T1-T8,63 +15,60 +12.5,105 +42,8 +1.1,0 +0,9 +2.5,Frost Bolt,Ice Nova,Frost Lance,Glacial Shield,Ice Fury (frenzy cast speed),Wrath Page (empowered next spell),Grimoire Storm (rain pages slow),Icewrath Bind (root + chill),Eternal Ice (perma chill field),Mana Regen,Crit Chance,Chill Duration,,,
Nature Staff,Verdant Wrath Staff,Ranged 2h,Staff of verdant wrathful growth,T1-T8,55 +13,90 +22,110 +45,3 +0.5,4 +1,14 +4,Rejuvenate (HoT single, builds Growth max 3),Thorn Burst (AoE dmg),Healing Bloom (AoE HoT),Nature's Shield (absorb),Grove's Embrace (AoE HoT + root),Crimson Roots (HoT bleed),Shadow Grove (HoT silence),Flame Sprout (HoT dmg),Nature's Fury (spirit allies),HoT Mastery (+duration),Mana Regen,Heal Bonus,,
Nature Staff,Thorn grudge Staff,Ranged 2h,Infused with thorny clan grudges,T1-T8,57 +14,85 +21,115 +47,4 +0.6,3.5 +0.8,13 +3.5,Rejuvenate,Thorn Burst,Healing Bloom,Nature's Shield,Thorn Surge (channeled vine DoT),Verdant Wall (wall thorns),Grudge Growth (spread growth),Thorny Pillar (pillar burst),Verdant Cataclysm (ultimate storm),HoT Mastery,Mana Efficiency,Crit Chance,,,
Nature Staff,Bloodvine Spire,Ranged 2h,Spire from bloodvine rituals,T1-T8,54 +12.5,95 +24,108 +44,2.5 +0.4,5 +1.1,15 +4.5,Rejuvenate,Thorn Burst,Healing Bloom,Nature's Shield,Bloodvine (lifesteal HoT),Vine Ritual (HoT + thorns),Bloodvine Nova (AoE lifesteal),Verdant Grasp (root HoT),Bloodvine Eruption (explode + heal),Life Leech (on growth),Mana Regen,HoT Amp,,,
Nature Staff,Wild Oathbreaker,Ranged 2h,Oathbreaker staff of wild nature,T1-T8,56 +13.5,88 +22.5,112 +46,3.5 +0.55,4.5 +1,14.5 +4.5,Rejuvenate,Thorn Burst,Healing Bloom,Nature's Shield,Oathbreaker Growth (purge + growth),Wild Chains (bind thorns),Broken Oath Nova (AoE purge HoT),Wild Oath (debuff amp),Wild Apocalypse (large purge AoE),HoT Mastery (+purge),Cooldown Reduce,Mana Regen,,,
Nature Staff,Crimson Verdant Tome,Offhand 1h,Tome of crimson verdant grudges,T1-T8,53 +12,92 +23.5,120 +48,5 +0.7,2 +0.5,12 +3.5,Rejuvenate (quick cast),Thorn Burst,Healing Bloom,Nature's Shield,Crimson Surge (dash growth),Verdant Page (summon vine minion),Tome Growth (multi target growth),Crimson Ritual (channel heal growth),Crimson Overgrowth (book ultimate AoE),Spell Crit,HoT Mastery,Mana Efficiency,,,
Nature Staff,Growthwrath Grimoire,Offhand 1h,Grimoire holding growthwrath spells,T1-T8,58 +14,80 +20,125 +50,6 +0.8,1 +0.3,11 +3,Rejuvenate,Thorn Burst,Healing Bloom,Nature's Shield,Growth Fury (frenzy cast speed),Wrath Page (empowered next spell),Grimoire Storm (rain pages HoT),Growthwrath Bind (root + growth),Eternal Growth (perma HoT field),Mana Regen,Crit Chance,HoT Duration,,,
Holy Staff,Dawnspire Staff,Ranged 2h,Staff of dawning holy grudges,T1-T8,50 +12,100 +25,120 +50,4 +0.6,5 +1,15 +5,Holy Light (heal single, builds Grace max 3),Divine Wave (AoE heal),Sacred Shield (ally shield),Smite (dmg purge),Radiant Salvation (AoE heal cleanse),Crimson Grace (heal lifesteal),Shadow Mend (heal silence),Flame Blessing (heal dmg buff),Holy Beacon (ally empower),Heal Mastery (+power),Mana Regen,Grace Duration,,
Holy Staff,Lightgrudge Staff,Ranged 2h,Infused with light clan grudges,T1-T8,52 +13,95 +23.5,125 +52,5 +0.7,4.5 +0.9,14 +4.5,Holy Light,Divine Wave,Sacred Shield,Smite,Light Surge (channeled beam heal),Holy Wall (wall shield),Grudge Grace (spread grace),Radiant Pillar (pillar burst),Light Cataclysm (ultimate storm),Heal Mastery,Mana Efficiency,Crit Chance,,,
Holy Staff,Bloodlight Spire,Ranged 2h,Spire from bloodlight rituals,T1-T8,49 +11.5,105 +26.5,118 +49,3.5 +0.5,6 +1.2,16 +5.5,Holy Light,Divine Wave,Sacred Shield,Smite,Bloodlight (lifesteal heal),Light Ritual (HoT + grace),Bloodlight Nova (AoE lifesteal),Holy Grasp (root purge),Bloodlight Eruption (explode + heal),Life Leech (on grace),Mana Regen,Heal Amp,,,
Holy Staff,Sacred Oathbreaker,Ranged 2h,Oathbreaker staff of sacred light,T1-T8,51 +12.5,98 +24.5,122 +51,4.5 +0.65,5.5 +1.1,15.5 +5,Holy Light,Divine Wave,Sacred Shield,Smite,Oathbreaker Light (purge + grace),Sacred Chains (bind shield),Broken Oath Nova (AoE purge heal),Sacred Oath (debuff amp),Sacred Apocalypse (large purge AoE),Heal Mastery (+purge),Cooldown Reduce,Mana Regen,,,
Holy Staff,Crimson Dawn Tome,Offhand 1h,Tome of crimson dawn grudges,T1-T8,48 +11,102 +25.5,130 +53,6 +0.8,3 +0.6,13 +4,Holy Light (quick cast),Divine Wave,Sacred Shield,Smite,Crimson Surge (dash grace),Dawn Page (summon light minion),Tome Grace (multi target grace),Crimson Ritual (channel heal grace),Crimson Radiance (book ultimate AoE),Spell Crit,Heal Mastery,Mana Efficiency,,,
Holy Staff,Gracewrath Grimoire,Offhand 1h,Grimoire holding gracewrath spells,T1-T8,53 +13.5,90 +22.5,135 +55,7 +0.9,2 +0.4,12 +3.5,Holy Light,Divine Wave,Sacred Shield,Smite,Grace Fury (frenzy cast speed),Wrath Page (empowered next spell),Grimoire Storm (rain pages heal),Gracewrath Bind (root + grace),Eternal Grace (perma heal field),Mana Regen,Crit Chance,Grace Duration,,,
Arcane Staff,Voidspire Staff,Ranged 2h,Staff channeling void grudges,T1-T8,62 +14,65 +13,130 +55,7 +1.1,1 +0.3,11 +3,Arcane Bolt (single mark),Energy Wave (AoE dmg),Time Stasis (freeze AoE),Mana Shield (absorb),Grudge Vortex (pull slow),Crimson Pulse (lifesteal AoE),Shadow Bind (root AoE),Flame Surge (dmg AoE),Arcane Nova (burst),CC Mastery (+duration),Mana Regen,Energy Efficiency,,,
Arcane Staff,Voidgrudge Staff,Ranged 2h,Infused with void clan grudges,T1-T8,64 +15,60 +12,135 +57,8 +1.2,0.5 +0.2,10 +2.5,Arcane Bolt,Energy Wave,Time Stasis,Mana Shield,Void Surge (channeled pull),Void Wall (wall bind),Grudge Void (spread mark),Arcane Pillar (pillar burst),Void Cataclysm (ultimate storm),CC Mastery,Mana Efficiency,Crit Chance,,,
Arcane Staff,Etherblood Spire,Ranged 2h,Spire from etherblood rituals,T1-T8,61 +13.5,70 +14.5,128 +54,6.5 +1,1.5 +0.4,12 +3.5,Arcane Bolt,Energy Wave,Time Stasis,Mana Shield,Etherblood (lifesteal mark),Ether Ritual (buff + mark),Etherblood Nova (AoE lifesteal),Void Grasp (root mark),Etherblood Eruption (explode + buff),Life Leech (on mark),Mana Regen,CC Amp,,,
Arcane Staff,Aether Oathbreaker,Ranged 2h,Oathbreaker staff of aether,T1-T8,63 +14.5,63 +12.5,132 +56,7.5 +1.15,1 +0.25,11.5 +3,Arcane Bolt,Energy Wave,Time Stasis,Mana Shield,Oathbreaker Void (purge + mark),Aether Chains (bind mark),Broken Oath Nova (AoE purge mark),Aether Oath (debuff amp),Aether Apocalypse (large purge AoE),CC Mastery (+purge),Cooldown Reduce,Mana Regen,,,
Arcane Staff,Crimson Void Tome,Offhand 1h,Tome of crimson void grudges,T1-T8,60 +13.5,68 +14,140 +58,9 +1.2,0.5 +0.1,9.5 +2.5,Arcane Bolt (quick cast),Energy Wave,Time Stasis,Mana Shield,Crimson Surge (dash mark),Void Page (summon void minion),Tome Mark (multi target mark),Crimson Ritual (channel buff mark),Crimson Abyss (book ultimate AoE),Spell Crit,CC Mastery,Mana Efficiency,,,
Arcane Staff,Voidwrath Grimoire,Offhand 1h,Grimoire holding voidwrath spells,T1-T8,65 +15.5,55 +11,145 +60,10 +1.3,0 +0,8.5 +2,Arcane Bolt,Energy Wave,Time Stasis,Mana Shield,Void Fury (frenzy cast speed),Wrath Page (empowered next spell),Grimoire Storm (rain pages mark),Voidwrath Bind (root + mark),Eternal Void (perma mark field),Mana Regen,Crit Chance,CC Duration,,,
Lightning Staff,Stormwrath Staff,Ranged 2h,Staff of stormwrath grudges,T1-T8,68 +16,55 +10,110 +45,8 +1.2,0 +0,9 +2,Thunder Bolt (single shock stack max 3),Lightning Strike (AoE stun),Chain Shock (multi bounce),Storm Shield (reflect),Thunder Tempest (AoE chain stun),Crimson Bolt (lifesteal shock),Shadow Spark (silence shock),Flame Shock (DoT shock),Storm Call (rain lightning),Shock Mastery (+dmg),Mana Regen,Crit Chance,,,
Lightning Staff,Thundergrudge Staff,Ranged 2h,Infused with thunder clan grudges,T1-T8,70 +17,50 +9,115 +47,9 +1.3,0 +0,8 +1.5,Thunder Bolt,Lightning Strike,Chain Shock,Storm Shield,Thunder Surge (channeled line shock),Thunder Wall (wall stun),Grudge Shock (spread shock),Storm Pillar (pillar burst),Thunder Cataclysm (ultimate storm),Shock Mastery,Mana Efficiency,Crit Chance,,,
Lightning Staff,Stormblood Spire,Ranged 2h,Spire from stormblood rituals,T1-T8,67 +15.5,60 +11.5,108 +44,7.5 +1.1,0.5 +0.1,10 +2.5,Thunder Bolt,Lightning Strike,Chain Shock,Storm Shield,Stormblood (lifesteal shock),Storm Ritual (buff + shock),Stormblood Nova (AoE lifesteal),Thunder Grasp (root shock),Stormblood Eruption (explode + buff),Life Leech (on shock),Mana Regen,Shock Amp,,,
Lightning Staff,Bolt Oathbreaker,Ranged 2h,Oathbreaker staff of lightning bolts,T1-T8,69 +16.5,53 +9.5,112 +46,8.5 +1.25,0 +0,9.5 +2,Thunder Bolt,Lightning Strike,Chain Shock,Storm Shield,Oathbreaker Bolt (purge + shock),Bolt Chains (bind shock),Broken Oath Nova (AoE purge shock),Bolt Oath (debuff amp),Bolt Apocalypse (large purge AoE),Shock Mastery (+purge),Cooldown Reduce,Mana Regen,,,
Lightning Staff,Crimson Storm Tome,Offhand 1h,Tome of crimson storm grudges,T1-T8,66 +15,58 +11,120 +49,10 +1.4,0 +0,7.5 +1.5,Thunder Bolt (quick cast),Lightning Strike,Chain Shock,Storm Shield,Crimson Surge (dash shock),Storm Page (summon lightning minion),Tome Shock (multi target shock),Crimson Ritual (channel buff shock),Crimson Tempest (book ultimate AoE),Spell Crit,Shock Mastery,Mana Efficiency,,,
Lightning Staff,Thunderwrath Grimoire,Offhand 1h,Grimoire holding thunderwrath spells,T1-T8,71 +17.5,45 +8.5,125 +51,11 +1.5,0 +0,6.5 +1.5,Thunder Bolt,Lightning Strike,Chain Shock,Storm Shield,Thunder Fury (frenzy cast speed),Wrath Page (empowered next spell),Grimoire Storm (rain pages shock),Thunderwrath Bind (root + shock),Eternal Thunder (perma shock field),Mana Regen,Crit Chance,Shock Duration,,,
